{
  "displayName": "Asakura-Dummy-Extension",
  "name": "asakura-dummy-extension",
  "platform": "web",
  "version": "1.0.0",
  "iconPath": "landscape.svg",
  "description": "Asakura Test module with Digital Stacks",
  "author": {
    "name": "Asakura"
  },
  "viewBasePath": "src/view/",
  "configuration": {
    "viewPath": "configuration/configuration.html",
    "schema": {
      "$schema": "http://json-schema.org/draft-04/schema#",
      "type": "object",
      "properties": {}
    }
  },
  "actions": [
    {
      "displayName": "Test Action",
      "name": "test-action",
      "schema": {
        "$schema": "http://json-schema.org/draft-04/schema#",
        "type": "object",
        "properties": {}
      },
      "libPath": "src/lib/actions/testAction.js"
    }
  ],
  "dataElements": [
    {
      "displayName": "Landscape Objects",
      "name": "landscape-objects",
      "schema": {
        "$schema": "http://json-schema.org/draft-04/schema#",
        "type": "object",
        "properties": {}
      },
      "libPath": "src/lib/dataElements/landscapeObjects.js",
      "viewPath": "dataElements/landscapeObjects.html"
    }
  ]
}
